{
  "drive": {
    "p": 0.00000014,
    "i": 0.000000,
    "d": 0,
    "f": 0,
    "iz": 0
  },
  "angle": {
    "p": 0.008,
    "i": 0.0000,
    "d": 0.5,
    "f": 0,
    "iz": 40 
  }
}